timestamp,ground_truth,sensor_temp,sensor_baseline,sensor_humidity,sensor_aux
0,26.2,26.3738,26.8297,25.8624,26.3354
1,26.2379,26.2245,26.654,26.1657,25.8628
2,26.2739,26.5706,26.3008,25.8777,26.3606
3,26.308,26.9461,26.0169,26.154,25.8977
4,26.3402,26.3982,26.6544,25.3934,26.7805
5,26.3704,26.4635,26.5475,26.4771,26.795
6,26.3988,27.1615,26.8016,26.3994,26.6116
7,26.4252,26.9388,26.711,26.0167,26.5699
8,26.4498,26.5655,26.9221,26.7794,27.1543
9,26.4725,26.9774,26.2316,26.9413,26.4724
10,26.4934,26.6812,27.0862,25.6896,26.0206
11,26.5124,26.7344,26.6013,26.1311,26.6922
12,26.5297,27.0344,27.4635,26.1451,27.3641
13,26.5452,26.3305,26.235,26.0752,26.1393
14,26.559,26.4452,27.3401,26.9737,26.4144
15,26.571,26.8992,26.6601,26.4741,26.7376
16,26.5815,26.787,26.2883,26.4492,26.5599
17,26.5903,27.2953,26.3725,25.5883,26.1974
18,26.5975,26.9097,26.4534,26.9152,27.0463
19,26.6032,26.7739,26.7941,25.9836,27.5312
20,26.6074,27.8204,26.8427,26.6374,26.6859
21,26.6102,27.2662,26.3521,26.7489,26.2486
22,26.6116,27.4053,26.6007,27.292,25.9921
23,26.6117,26.9181,27.5757,25.9573,26.7149
24,26.6105,27.26,27.3879,25.1008,27.0521
25,26.6081,27.522,26.8045,26.7001,26.7982
26,26.6046,27.1117,26.6217,27.5048,26.6036
27,26.5999,27.6764,26.6539,27.2194,26.3642
28,26.5942,27.364,26.8703,26.6991,26.1574
29,26.5876,27.5005,26.1273,26.3418,26.9215
30,26.58,27.4194,26.4642,26.9836,26.9455
31,26.5716,28.3049,25.8208,26.0848,25.9533
32,26.5624,27.6777,26.7421,26.8006,27.1984
33,26.5526,27.3374,26.8438,26.8053,26.7822
34,26.5421,28.02,26.3246,27.0722,27.1019
35,26.531,27.3287,27.2393,27.9109,25.9942
36,26.5195,27.8526,25.9679,26.7157,25.9731
37,26.5075,27.1166,25.8485,26.253,26.4479
38,26.4952,27.3603,26.5962,26.4824,26.6963
39,26.4826,27.9165,26.9538,25.5981,27.2011
40,26.4698,28.1283,27.2276,26.1225,26.7522
41,26.4569,27.9519,26.2504,26.2522,26.3598
42,26.4439,27.8734,26.9293,26.1819,26.0334
43,26.4309,27.8306,26.4136,26.5071,26.9229
44,26.4181,27.4406,26.3404,26.0069,26.0322
45,26.4053,27.7284,26.803,26.9659,27.0567
46,26.3929,27.8416,26.6864,26.393,26.2791
47,26.3807,28.3957,25.6713,26.376,27.0169
48,26.3688,28.1691,27.0333,26.2049,26.6404
49,26.3575,27.4554,26.9785,26.4351,26.3027
50,26.3466,28.21,26.0651,26.7591,26.1388
51,26.3363,27.9865,26.5144,25.9027,26.1999
52,26.3266,27.9097,26.5489,25.9975,26.4979
53,26.3176,28.3867,26.4349,26.1658,26.3485
54,26.3094,28.5603,26.0618,25.6365,26.0719
55,26.302,28.553,25.9998,25.8924,26.2358
56,26.2955,27.9618,26.284,26.0574,26.3269
57,26.2899,28.1767,26.8177,26.7271,25.4385
58,26.2854,28.4313,26.53,26.4167,26.4686
59,26.2818,28.6883,26.1151,26.3786,25.89
60,26.2794,28.2117,26.6267,26.7049,25.8181
61,26.2781,28.3482,24.9963,26.2095,25.6032
62,26.2781,28.0608,26.795,26.4733,25.5605
63,26.2792,28.0655,25.4963,26.2276,25.737
64,26.2817,28.806,26.1186,26.4143,25.9981
65,26.2854,29.0351,25.7816,25.994,27.0667
66,26.2905,28.5753,25.7079,25.0711,26.0802
67,26.2971,28.9933,26.8194,26.2299,26.3682
68,26.305,28.8116,26.0945,27.0164,26.4652
69,26.3144,28.5036,26.4703,26.7775,26.3668
70,26.3253,28.9018,26.3042,26.808,26.2943
71,26.3377,29.361,26.5523,26.9557,25.8595
72,26.3516,28.859,26.3861,26.3959,26.9319
73,26.367,29.4697,25.7897,26.4657,27.0899
74,26.384,28.0571,26.8324,26.0752,25.711
75,26.4026,29.3153,26.1804,26.2446,25.993
76,26.4228,29.1133,25.7223,26.7307,26.3109
77,26.4445,29.0349,26.2519,27.0465,26.0587
78,26.4679,29.23,27.1432,26.3982,26.6703
79,26.4928,28.5622,26.8754,26.2677,26.2015
80,26.5193,29.2425,26.3625,26.5196,27.3854
81,26.5474,29.5074,26.3903,26.8481,27.0237
82,26.5771,29.9644,26.4324,25.8552,26.6622
83,26.6084,29.332,27.5429,25.4603,27.0192
84,26.6411,29.2982,26.813,26.3659,27.0835
85,26.6754,29.4748,26.869,26.0651,26.4499
86,26.7113,30.0416,27.1749,26.4572,26.3848
87,26.7485,29.9086,26.856,26.6747,26.7798
88,26.7873,29.6819,26.6707,26.5607,27.132
89,26.8275,30.1221,26.7391,27.5537,26.8831
90,26.869,30.053,26.8368,27.0324,26.2382
91,26.912,30.436,26.8952,27.0622,26.5908
92,26.9562,29.9305,27.2836,27.2673,26.9266
93,27.0017,30.1421,27.0251,26.4323,26.9715
94,27.0485,30.2013,27.3782,27.5681,27.8375
95,27.0964,29.9092,27.0601,27.0586,26.5421
96,27.1455,30.6092,27.1809,27.4808,27.3478
97,27.1957,30.6821,26.2965,26.6598,27.7914
98,27.247,30.6787,27.6593,26.4701,28.1555
99,27.2992,30.6821,27.4551,27.7081,27.1374
100,27.3523,30.3569,27.8014,27.5405,27.5489
101,27.4063,30.7941,26.103,26.9553,27.6342
102,27.4611,30.9112,28.4009,27.0263,27.5393
103,27.5167,30.8409,27.4539,28.0794,27.4771
104,27.5729,31.1565,28.0716,26.9782,27.7473
105,27.6297,31.4462,27.1618,28.4511,26.6168
106,27.6871,32.0573,27.9629,27.2368,27.96
107,27.745,31.5511,27.271,28.0642,27.7955
108,27.8033,31.6734,27.5226,27.639,27.7143
109,27.8619,31.6508,28.7232,28.1635,28.6806
110,27.9207,31.0991,27.8349,27.6487,27.6507
111,27.9798,31.8555,28.0776,27.8984,27.8185
112,28.0389,31.98,28.4304,28.0594,28.8355
113,28.0981,32.9152,28.3211,27.597,27.7653
114,28.1572,32.0799,28.2249,28.5276,27.9372
115,28.2162,32.3468,28.3805,27.9596,28.1574
116,28.2751,32.3229,29.3566,28.1608,28.6113
117,28.3336,32.0196,28.3077,27.8364,28.4167
118,28.3918,32.9218,28.4823,27.1106,27.8747
119,28.4495,32.8777,28.9223,28.354,28.2367
120,28.5068,32.9836,29.0043,29.7131,28.2638
121,28.5634,32.4802,29.0976,28.9557,28.5326
122,28.6194,33.3804,28.9069,28.6098,28.7898
123,28.6747,32.489,28.1603,28.5432,28.842
124,28.7291,33.2745,29.4642,28.7403,28.0187
125,28.7826,33.9243,28.2668,29.0562,29.2082
126,28.8352,32.8985,28.9714,28.2448,28.9362
127,28.8867,33.1335,28.5473,29.4439,29.4405
128,28.9371,33.452,28.9083,29.2948,29.1148
129,28.9864,33.3251,29.1343,29.3455,29.4269
130,29.0343,33.0416,29.1789,29.2536,29.2209
131,29.0809,33.6899,29.2708,29.0908,29.6194
132,29.1262,33.3744,29.8524,29.4626,29.3351
133,29.17,33.9907,29.374,29.4659,29.1308
134,29.2122,33.5804,29.1023,29.0352,30.1212
135,29.2529,34.5203,29.6867,28.9661,29.6085
136,29.2919,33.7777,29.8271,29.3428,29.5214
137,29.3292,34.0115,28.7768,30.1037,28.8187
138,29.3647,34.4794,29.6335,28.7452,28.8494
139,29.3984,33.8326,29.714,28.6647,29.5155
140,29.4303,34.4099,29.2964,29.5127,29.4885
141,29.4602,34.8527,30.0793,29.4856,29.2145
142,29.4882,33.8955,29.4206,29.5748,29.5445
143,29.5141,34.5837,29.5706,29.6361,30.1495
144,29.538,34.6689,29.4601,29.4264,29.8161
145,29.5598,34.9084,29.5668,30.3047,29.1034
146,29.5794,34.2565,29.0861,28.779,29.5348
147,29.5969,34.2798,28.9489,29.1827,29.275
148,29.6122,34.9749,30.3298,29.5606,29.4572
149,29.6253,34.9443,29.2442,28.8037,29.4599
150,29.6361,34.9738,29.19,29.5482,29.4451
151,29.6447,35.0509,28.6757,30.4754,29.1426
152,29.6509,34.7329,29.3634,29.6614,29.5999
153,29.6549,35.0912,29.0595,29.7702,29.4306
154,29.6565,35.1491,30.3954,29.0264,28.4847
155,29.6558,34.8308,30.1102,29.3476,30.477
156,29.6528,35.7658,29.3431,29.4652,30.0883
157,29.6474,35.3082,30.661,29.4885,29.4968
158,29.6396,34.7527,30.0814,30.2804,29.6471
159,29.6295,35.4243,29.4834,29.9084,29.1609
160,29.6171,34.876,28.4924,29.0614,30.2954
161,29.6024,35.5128,30.6333,29.7256,30.3613
162,29.5853,35.6608,28.96,29.8344,29.648
163,29.5659,34.9837,28.8255,30.136,29.9753
164,29.5443,35.6215,30.0044,30.3345,29.6144
165,29.5204,35.4398,30.6182,29.0128,28.9857
166,29.4942,35.5919,30.1171,29.0888,29.3295
167,29.4658,35.9747,29.7196,28.837,29.5186
168,29.4352,35.2294,29.7029,29.3182,29.2534
169,29.4025,35.0537,29.7866,29.6357,29.3151
170,29.3677,35.0064,29.7092,29.8614,29.3311
171,29.3308,35.0302,29.4573,29.2928,29.2984
172,29.2918,35.2848,29.3387,29.1319,29.3127
173,29.2509,35.4253,29.2227,29.3268,28.8266
174,29.208,35.3948,28.8687,28.7904,28.9212
175,29.1632,35.5777,29.0369,30.208,28.6494
176,29.1165,35.2811,28.3547,28.3127,29.5077
177,29.0681,35.7718,29.0238,29.1605,28.2258
178,29.0179,35.1553,28.5731,30.0297,29.4794
179,28.9661,36.1831,28.4694,28.9695,29.5206
180,28.9126,35.4315,28.9935,28.8175,28.7917
181,28.8575,34.8925,29.4839,28.6788,27.8163
182,28.801,34.7962,29.2142,28.7108,28.6564
183,28.743,35.3169,28.0363,29.4294,28.7173
184,28.6836,35.0454,28.2383,27.5777,28.2794
185,28.623,35.3479,29.0464,29.3897,28.4169
186,28.5612,35.2368,28.119,27.8492,29.1732
187,28.4981,35.0176,28.3971,28.3648,28.7641
188,28.434,34.7177,28.6816,28.2194,28.0642
189,28.369,34.4538,27.9332,28.6632,27.7299
190,28.3029,34.7966,28.3503,27.5039,28.1721
191,28.236,35.2208,27.6357,28.4671,28.1507
192,28.1684,34.9633,27.8978,29.1805,28.3669
193,28.1,34.419,28.2439,27.4185,27.8859
194,28.0311,34.8817,27.3142,28.1259,28.2357
195,27.9616,34.9214,28.1598,27.6306,28.7356
196,27.8916,34.4422,27.8827,28.1045,28.2178
197,27.8212,34.77,28.0699,27.8308,27.802
198,27.7506,34.7009,27.8513,27.4298,27.6773
199,27.6797,34.2447,28.2936,27.9236,27.537
200,27.6087,34.7339,27.665,28.5108,28.0809
201,27.5376,34.7689,27.3444,27.4421,27.2867
202,27.4665,34.9156,27.5215,27.8264,27.4846
203,27.3955,34.8694,27.64,26.7489,27.416
204,27.3247,33.9825,27.3467,26.8465,27.124
205,27.2542,34.1009,27.2724,27.4904,26.7052
206,27.1839,34.5742,26.868,27.926,27.3131
207,27.1141,34.5389,26.8158,27.2919,27.0897
208,27.0447,34.505,26.4135,26.8882,27.2448
209,26.9759,35.6393,27.7632,26.9755,26.7624
210,26.9077,34.4575,26.3479,26.2825,27.396
211,26.8401,34.6226,26.5283,27.1424,26.4894
212,26.7733,34.5272,26.4501,27.2145,27.4582
213,26.7074,34.3904,27.1101,26.4813,26.0083
214,26.6423,34.022,26.5096,26.4073,26.8162
215,26.5782,34.3688,27.1397,26.7111,26.7684
216,26.5151,33.8046,26.212,26.2967,26.1968
217,26.453,33.9651,26.5786,26.4199,26.6228
218,26.3921,33.8522,26.0162,27.4419,26.9039
219,26.3323,34.026,27.2976,26.2088,25.4456
220,26.2738,34.7839,25.7394,26.0946,26.4749
221,26.2166,33.298,26.356,25.8928,25.2193
222,26.1606,34.1708,26.4458,26.5327,25.7744
223,26.1061,33.3467,26.2923,26.0155,26.7578
224,26.053,33.7278,25.9696,25.7283,25.8203
225,26.0013,34.2574,25.9429,26.6619,25.5317
226,25.9511,33.8836,25.9708,26.6609,25.8719
227,25.9024,33.4702,25.8363,25.6022,26.7296
228,25.8553,33.585,26.2891,24.9221,25.1227
229,25.8098,34.0627,26.8046,26.3136,25.3893
230,25.7659,33.5603,25.515,25.4236,26.3649
231,25.7236,33.8844,25.1072,26.1189,26.4667
232,25.683,33.819,25.6433,24.698,25.6416
233,25.644,33.571,26.8049,26.0903,25.1484
234,25.6068,34.5472,25.2451,25.0012,26.4451
235,25.5712,34.0181,26.3088,25.9366,26.209
236,25.5373,33.0885,26.2923,25.5444,25.8089
237,25.5051,33.8654,25.256,25.0282,25.1802
238,25.4747,33.573,25.7307,25.2711,25.455
239,25.4459,34.1092,26.1787,25.7891,25.3817
240,25.4188,33.5414,25.2482,25.4718,25.5512
241,25.3935,33.7883,25.3018,25.6857,25.9739
242,25.3698,34.0165,25.108,26.358,25.7215
243,25.3477,34.1558,24.8911,24.5656,24.9168
244,25.3274,33.4473,25.0352,26.136,25.878
245,25.3086,33.7666,24.7579,25.3608,25.4339
246,25.2915,33.7353,25.3068,24.8421,25.5663
247,25.276,33.6923,24.9295,24.6108,25.8626
248,25.262,34.5599,25.3672,25.1674,24.8174
249,25.2495,34.1063,24.5494,25.7104,25.2352
250,25.2386,33.5473,25.3875,25.1748,25.026
251,25.2291,34.3353,25.6041,25.9846,24.6019
252,25.221,34.7837,24.3238,24.4954,25.3596
253,25.2143,34.4306,25.3826,25.2082,26.2189
254,25.2089,33.5671,25.7613,24.5827,24.4728
255,25.2048,33.9603,24.6604,25.3866,25.1919
256,25.2019,34.6054,25.9546,25.6454,25.4582
257,25.2003,33.9476,25.3888,24.9899,25.2495
258,25.1998,34.3851,24.8825,23.8976,25.1545
259,25.2003,34.5364,25.1752,25.2998,24.6806
260,25.2019,33.9775,25.4531,25.4203,25.295
261,25.2045,34.3186,25.2387,25.4066,24.9017
262,25.2079,33.2435,25.4504,25.8258,24.332
263,25.2122,34.0587,24.7979,24.6767,25.6901
264,25.2173,34.3689,25.2935,25.5574,25.6007
265,25.2232,34.0614,24.587,25.8194,25.2438
266,25.2296,35.111,25.1796,24.3403,25.3213
267,25.2367,34.0811,24.8299,25.3965,25.6664
268,25.2443,34.4703,24.9133,24.9922,25.334
269,25.2523,34.7131,25.8085,25.2115,25.6139
270,25.2607,35.2152,25.7518,25.4346,25.1417
271,25.2695,34.2519,25.5436,25.0258,25.7942
272,25.2784,35.2055,24.7869,24.9406,25.4067
273,25.2876,34.8461,25.1452,25.3046,25.3652
274,25.2968,34.5433,25.8427,24.7532,24.7888
275,25.3061,35.0928,25.3698,24.7632,25.4209
276,25.3153,35.045,26.359,25.655,24.9825
277,25.3244,34.8093,25.5014,24.75,25.0691
278,25.3333,35.0877,25.4197,25.6665,25.0072
279,25.342,34.9721,25.2029,25.5733,24.9155
280,25.3503,35.19,25.4104,24.4874,26.2002
281,25.3582,35.4249,25.2896,25.0194,25.8907
282,25.3656,35.7907,25.6843,25.9627,26.1338
283,25.3725,34.8443,25.8031,24.882,24.8834
284,25.3788,36.0654,25.0251,25.1466,25.4073
285,25.3844,34.6762,24.7854,25.6155,24.867
286,25.3893,35.3462,24.563,25.781,25.111
287,25.3934,35.6443,25.622,25.2676,25.0261
288,25.3965,35.5749,24.9,25.0978,25.8924
289,25.3988,35.2959,24.43,26.11,25.2403
290,25.4,35.4772,25.5749,26.2695,25.8274
291,25.4002,35.4127,26.5221,25.8897,25.6419
292,25.3993,35.413,25.3966,25.442,26.3208
293,25.3972,35.9496,25.7746,24.9931,24.8055
294,25.3939,35.8089,25.4308,24.9787,25.8976
295,25.3893,35.4718,25.3448,25.6506,25.8479
296,25.3834,36.0583,25.797,25.5926,24.9941
297,25.3762,35.8787,25.2455,26.077,25.779
298,25.3675,36.082,25.4878,25.6927,25.5019
299,25.3573,36.0427,25.5021,24.6058,25.2663
300,25.3456,35.5555,25.045,25.8716,24.0841
301,25.3324,35.6714,25.7789,24.8334,22.0404
302,25.3177,36.1492,25.2389,25.1257,23.9945
303,25.3013,36.1199,24.9612,25.4264,26.8491
304,25.2833,35.916,25.5247,26.2811,22.7199
305,25.2636,35.9797,24.8593,26.8186,21.4319
306,25.2423,36.3994,25.2549,25.5456,23.5443
307,25.2192,35.7571,25.2151,25.1276,27.2623
308,25.1944,36.1659,25.6831,25.4617,24.2213
309,25.1679,35.9121,25.3815,25.6117,23.9797
310,25.1396,35.9134,25.1283,24.9792,25.2508
311,25.1095,36.3791,25.4775,26.0071,21.3135
312,25.0777,36.2866,25.7033,25.1927,26.0944
313,25.0441,36.2838,25.2951,25.293,26.046
314,25.0087,36.4556,25.0134,25.3417,24.3854
315,24.9716,36.0039,24.3813,25.1824,27.4785
316,24.9327,36.2313,24.4534,25.3521,22.0579
317,24.892,35.8784,24.7546,24.5834,27.2597
318,24.8496,36.093,24.5753,24.5704,25.6674
319,24.8054,35.9249,24.7213,24.2553,24.4229
320,24.7596,35.9935,24.785,24.9793,24.1667
321,24.712,36.1553,24.9504,25.1015,24.6166
322,24.6628,35.6464,24.631,24.8917,26.5561
323,24.6119,36.6492,24.8308,25.4491,22.262
324,24.5594,35.5473,24.5884,24.5566,23.641
325,24.5053,35.4554,23.6164,24.8397,26.406
326,24.4497,36.2651,24.027,23.9039,22.8058
327,24.3926,36.1147,24.3278,24.199,26.6794
328,24.334,36.0324,23.7896,24.6818,27.4556
329,24.274,36.0089,24.544,24.6985,23.1369
330,24.2126,35.7583,24.9014,24.0656,25.9502
331,24.1499,35.4208,24.6983,24.1141,21.358
332,24.0859,35.7324,23.9898,23.3269,25.6519
333,24.0206,35.4386,24.6915,23.8421,24.757
334,23.9542,35.9855,24.0211,24.3994,25.1635
335,23.8867,35.5602,23.735,24.1743,22.5732
336,23.8181,35.2892,23.5421,24.0685,20.0281
337,23.7486,35.4311,23.6125,23.7735,25.0038
338,23.6781,35.6526,23.5034,23.6816,19.0891
339,23.6067,35.2744,23.6834,23.2766,23.0917
340,23.5346,35.1468,23.6068,23.884,25.4064
341,23.4617,35.482,23.4631,23.6722,23.8109
342,23.3882,35.4439,23.5848,23.6342,27.2786
343,23.3141,35.1416,23.8499,23.0511,25.5553
344,23.2395,35.1146,23.6668,22.1628,21.4765
345,23.1644,35.3206,22.4962,23.713,22.7789
346,23.089,34.6922,21.9397,22.8496,23.0882
347,23.0133,34.6657,23.4337,22.5819,19.6176
348,22.9374,34.8659,22.3223,23.2841,21.1817
349,22.8614,35.0017,22.7602,22.6654,21.4552
350,22.7853,35.1441,22.2587,23.3153,18.4688
351,22.7092,35.5106,21.8983,23.0177,23.034
352,22.6333,35.2535,22.877,22.9751,22.2633
353,22.5576,34.8566,22.8992,21.8746,18.5469
354,22.4821,34.8654,22.2227,23.0881,23.4311
355,22.407,34.4811,21.241,22.5376,24.1275
356,22.3323,34.7858,22.0865,22.1476,22.8346
357,22.2581,34.6521,22.4344,22.3298,20.7105
358,22.1845,34.8275,21.519,21.2964,23.5499
359,22.1116,34.3871,22.1941,22.3159,24.4931
360,22.0394,34.8212,22.0325,21.5247,22.5717
361,21.9681,35.1395,22.2287,21.2917,19.8627
362,21.8976,34.5296,21.9514,21.1364,22.6555
363,21.8282,34.6738,21.3903,22.3845,24.5832
364,21.7597,34.7413,22.2982,21.4451,20.9243
365,21.6925,34.327,21.6211,22.4593,25.8048
366,21.6264,34.5148,21.6141,21.3585,20.7625
367,21.5616,34.411,21.1416,20.7079,21.869
368,21.4981,34.4123,21.2986,20.9398,19.9618
369,21.436,34.0805,21.0379,22.0539,22.0627
370,21.3754,34.334,21.2976,21.2975,17.9543
371,21.3164,34.4757,22.0866,21.0422,20.464
372,21.2589,34.7868,20.6416,21.3389,18.399
373,21.2031,34.5939,20.477,21.454,21.8289
374,21.149,34.9927,21.8111,21.7077,23.311
375,21.0967,33.9532,21.0025,21.821,22.5471
376,21.0463,34.5116,20.7452,20.8664,15.8579
377,20.9977,34.2568,21.4656,20.3346,25.4301
378,20.951,34.9474,20.6785,20.7443,22.0773
379,20.9063,33.8884,21.728,21.0364,19.1645
380,20.8636,33.8697,21.1687,20.3817,20.7615
381,20.823,33.9482,20.6034,20.3444,21.0532
382,20.7845,33.4111,21.7553,20.9564,19.3889
383,20.7481,33.9691,20.4755,20.7238,21.6752
384,20.7139,33.8882,21.0478,20.7303,19.6187
385,20.6818,34.2095,20.8165,20.3026,19.452
386,20.652,34.2816,21.2378,20.5368,20.1363
387,20.6245,34.8261,21.3271,20.1623,17.5785
388,20.5992,34.5118,20.6136,21.0443,21.4302
389,20.5762,33.9892,20.2371,21.0938,21.8031
390,20.5554,33.891,20.7624,19.6323,21.9015
391,20.537,34.3942,20.2321,20.0723,22.6767
392,20.5209,33.7789,21.427,19.7727,21.7218
393,20.5072,34.9032,20.5686,20.1822,19.7581
394,20.4957,34.6985,20.3313,20.454,22.6919
395,20.4866,34.1474,20.5697,19.7618,17.3741
396,20.4798,33.7402,19.8736,20.0189,18.2697
397,20.4754,34.8442,20.0381,19.9734,18.4872
398,20.4732,34.3631,21.0134,20.5768,23.2226
399,20.4733,34.8715,20.1777,20.508,22.4584
400,20.4757,33.9176,20.0046,20.1148,21.9738
401,20.4803,34.3056,20.7218,20.5688,23.4196
402,20.4872,34.5591,21.0208,20.2139,18.1863
403,20.4963,34.6178,20.8198,20.3605,20.9285
404,20.5076,34.4901,20.9558,21.3443,20.176
405,20.521,34.914,20.1804,21.1912,22.5072
406,20.5365,34.3729,19.8967,19.8867,20.0732
407,20.5541,34.7493,21.2297,20.969,20.2481
408,20.5738,34.8959,20.4286,20.9795,21.9334
409,20.5954,35.0905,20.4825,20.0213,22.5388
410,20.619,35.2181,21.2167,21.0284,18.5743
411,20.6445,34.6359,20.8948,21.4135,19.9838
412,20.6719,34.5549,20.877,20.1106,18.4557
413,20.701,35.6032,21.6753,20.2423,14.3523
414,20.7319,35.3382,20.4424,21.2408,21.578
415,20.7645,35.0276,21.1821,20.9003,22.0409
416,20.7988,35.9017,20.8244,21.0745,22.6726
417,20.8346,35.4701,20.9555,21.0049,17.4687
418,20.8719,35.9147,21.5597,21.0673,20.0275
419,20.9107,35.5993,21.1392,20.2475,15.9878
420,20.9508,36.3721,21.1931,21.4745,24.3624
421,20.9923,36.3417,21.4749,21.5771,19.2843
422,21.035,35.7179,20.8708,20.9203,23.1417
423,21.0789,36.224,20.7013,21.0572,22.4453
424,21.1239,36.1898,20.6538,20.3584,18.8938
425,21.17,36.524,20.2851,21.4271,18.9109
426,21.217,35.7892,22.1423,21.503,22.1865
427,21.2649,36.45,20.7684,21.2338,19.8352
428,21.3135,36.664,21.214,21.8757,21.0591
429,21.363,35.7624,21.2384,21.1959,19.3743
430,21.4131,36.0489,21.5514,21.6954,17.8377
431,21.4637,35.835,21.8308,20.9539,16.2254
432,21.5149,36.5406,21.9021,21.5031,21.2062
433,21.5665,36.9727,21.3041,21.4793,20.3891
434,21.6185,37.3343,21.5433,21.7311,20.7189
435,21.6707,36.9216,21.7979,21.4859,23.1528
436,21.7231,37.5531,21.6112,21.6574,24.1216
437,21.7757,36.5876,22.499,22.1887,21.1123
438,21.8283,36.5621,22.0492,21.6099,20.9307
439,21.8808,37.2264,22.2115,21.0775,22.4419
440,21.9333,37.4677,22.2316,22.8081,18.6621
441,21.9855,37.4091,22.5136,22.6763,22.685
442,22.0376,36.7839,22.119,21.3914,23.3804
443,22.0892,37.5631,21.5057,22.4341,23.653
444,22.1405,37.224,22.3204,21.889,17.4816
445,22.1914,38.0007,21.8983,22.3231,20.4438
446,22.2417,37.98,22.0038,22.3888,19.4386
447,22.2913,37.6074,22.5552,22.1741,22.5825
448,22.3404,37.8405,22.8976,21.9485,23.9695
449,22.3886,37.7329,22.3982,22.0434,25.0918
450,22.4361,38.1642,22.5751,21.978,21.1128
451,22.4828,38.6021,23.2488,22.0669,22.6144
452,22.5285,38.0035,22.6369,22.4949,23.0297
453,22.5733,38.6047,23.744,22.2154,22.394
454,22.617,38.3214,22.8715,22.9581,22.3401
455,22.6597,38.3072,21.8674,23.4033,21.8721
456,22.7012,38.6238,23.0402,22.4112,22.7426
457,22.7416,38.3743,22.9131,22.8613,23.5585
458,22.7808,38.617,23.3612,23.0306,22.8917
459,22.8187,38.4644,23.1216,23.0547,22.8098
460,22.8553,39.643,22.793,22.8933,22.9841
461,22.8906,39.0379,22.3397,23.2619,22.8862
462,22.9245,38.8496,22.8305,23.1656,22.5993
463,22.957,39.2369,22.5743,22.3382,23.2864
464,22.9882,39.1888,22.7269,23.4227,23.0785
465,23.0178,39.2155,23.2827,23.4614,23.0248
466,23.046,39.5709,23.7974,22.6643,22.6558
467,23.0727,39.6828,23.2503,23.0916,23.5941
468,23.0979,39.2922,22.5597,23.4395,23.3637
469,23.1215,39.335,23.3216,23.0169,22.9003
470,23.1436,39.4974,23.6821,23.6801,23.5444
471,23.1642,38.8435,22.8898,24.3462,22.9652
472,23.1833,39.1729,23.123,22.7903,22.8705
473,23.2008,40.2342,23.2074,22.5102,22.8969
474,23.2167,40.3824,22.8635,23.3686,22.5083
475,23.2311,39.769,23.5228,23.5919,23.4197
476,23.244,40.1058,23.1896,23.1286,22.5115
477,23.2553,40.0593,23.4441,23.982,22.764
478,23.2652,41.0728,22.8658,22.5959,22.4349
479,23.2735,40.4304,23.0767,23.62,23.2391
480,23.2804,40.0356,23.6055,22.9775,23.2203
481,23.2858,39.7864,23.1181,24.1455,23.1552
482,23.2898,39.5976,24.067,24.2861,22.8728
483,23.2924,40.2686,23.1126,22.9091,22.8235
484,23.2937,39.9689,23.3948,23.0189,23.4794
485,23.2936,39.7708,23.7132,23.7234,23.0733
486,23.2922,40.0759,22.6539,23.0986,23.4187
487,23.2895,39.956,22.4971,23.2668,22.9354
488,23.2856,40.9561,22.5991,23.2983,23.358
489,23.2805,40.7041,23.8487,22.3207,23.8019
490,23.2744,40.4216,23.026,23.2674,23.5088
491,23.2671,40.9701,24.4183,22.9222,23.1021
492,23.2588,40.5059,23.0049,23.0122,23.3617
493,23.2495,40.203,23.3325,23.9713,23.1532
494,23.2393,41.0624,23.9332,22.611,23.2424
495,23.2282,40.7418,24.1309,23.6348,23.098
496,23.2163,40.2133,24.144,23.0768,23.1506
497,23.2037,40.532,23.7474,23.0638,23.2885
498,23.1903,40.3139,23.6512,23.5855,22.793
499,23.1764,40.1574,23.443,23.3464,22.77
500,23.1618,40.986,23.5121,23.4471,22.6064
501,23.1468,41.3501,22.8988,23.6309,22.5067
502,23.1314,40.2119,22.7632,22.9657,22.6445
503,23.1156,40.9176,23.1141,22.8095,23.1794
504,23.0995,40.5117,23.0229,22.5569,22.7424
505,23.0832,40.5877,22.8792,22.6704,23.2886
506,23.0667,40.5693,23.3801,24.5412,23.0806
507,23.0501,40.4927,23.48,23.6725,22.2627
508,23.0336,40.8306,23.0734,22.358,23.2956
509,23.0171,40.5412,23.682,22.3559,23.3414
510,23.0007,40.9454,22.487,23.2417,22.6032
511,22.9846,40.852,22.8974,23.2582,23.1527
512,22.9687,40.8051,22.6462,23.2432,22.6261
513,22.9532,40.5906,22.1133,22.8257,22.9923
514,22.9381,40.7263,22.9009,22.8754,22.4323
515,22.9236,41.213,22.8688,23.0875,22.2063
516,22.9096,41.1449,23.5906,22.9525,22.7564
517,22.8962,40.6491,23.1801,21.7866,22.8467
518,22.8836,41.0483,22.4227,22.7687,22.7245
519,22.8717,41.2997,23.7061,22.446,22.3981
520,22.8607,40.4764,23.4102,22.9483,22.7008
521,22.8506,41.2758,23.1126,24.3433,22.9583
522,22.8415,40.8796,22.7396,23.0253,22.8236
523,22.8335,41.3382,22.4017,22.6767,22.9065
524,22.8266,40.8994,22.6591,23.2875,22.5585
525,22.8208,40.5641,23.3107,23.0622,23.2895
526,22.8163,40.6567,23.6644,23.0263,22.3458
527,22.8131,41.2749,23.5076,23.1165,23.0081
528,22.8112,41.3821,22.5913,23.8395,23.284
529,22.8108,41.0093,22.307,22.2453,23.0032
530,22.8118,41.5853,22.8752,23.0486,22.7308
531,22.8143,40.8178,22.0185,22.3512,22.603
532,22.8184,41.4153,22.9639,23.0962,23.2329
533,22.8242,41.0553,22.7577,22.3648,22.255
534,22.8315,41.2934,22.6218,22.6228,22.4435
535,22.8406,41.5822,22.123,22.693,22.6816
536,22.8514,41.3102,23.0825,23.3393,23.3465
537,22.864,41.5244,22.6243,23.3232,23.0159
538,22.8784,42.0606,22.3519,22.2555,22.4911
539,22.8946,41.5577,21.6021,22.9221,22.7705
540,22.9127,42.1052,22.9003,22.5579,22.667
541,22.9327,41.4723,23.7302,22.3034,22.6488
542,22.9546,42.11,23.7021,22.8461,23.3461
543,22.9784,42.488,22.7727,22.8242,22.4297
544,23.0042,41.1792,22.7332,24.2176,23.6477
545,23.032,41.8281,23.243,23.2485,23.3633
546,23.0618,42.3737,22.6125,22.373,23.4981
547,23.0935,42.1675,23.2293,22.8111,22.9083
548,23.1273,42.4372,23.472,23.638,23.0673
549,23.163,42.1666,23.7151,24.2072,22.5898
550,23.2008,42.4811,23.1557,22.4078,22.9909
551,23.2405,42.471,23.1488,22.3005,23.438
552,23.2822,43.0109,22.8871,24.2177,23.8006
553,23.3259,42.77,22.9538,23.5207,22.883
554,23.3716,42.8797,23.2697,22.9374,23.2254
555,23.4192,42.7,23.5845,23.6865,23.3587
556,23.4687,42.7581,23.8798,22.1508,22.9104
557,23.5202,42.8638,23.1587,23.5219,23.7567
558,23.5735,43.2415,24.2452,23.7374,23.2839
559,23.6287,43.0463,23.5067,24.0908,23.5505
560,23.6857,43.3871,23.6761,23.1787,23.5049
561,23.7445,44.1058,23.4082,23.7873,23.4287
562,23.805,43.7799,22.7141,23.3423,23.8022
563,23.8672,43.4581,24.2651,23.9949,23.781
564,23.9312,44.0916,24.2627,23.4835,23.7824
565,23.9967,43.6289,23.8701,23.7927,23.7053
566,24.0638,43.1605,24.094,23.5659,24.1916
567,24.1325,43.6246,24.3646,24.458,24.7939
568,24.2026,43.4278,23.4995,24.6318,24.2586
569,24.2741,44.0661,24.0361,24.1568,24.6726
570,24.347,44.3035,24.7045,24.3662,23.791
571,24.4213,44.993,23.8568,23.697,24.4844
572,24.4967,44.6311,24.6288,24.3469,24.0578
573,24.5733,44.5517,23.9629,24.5482,23.9826
574,24.6511,45.0314,24.861,25.9615,24.3553
575,24.7299,44.081,24.7138,24.1739,25.2066
576,24.8096,45.0521,24.0828,25.5417,25.1896
577,24.8903,45.3551,25.4144,25.3887,24.9875
578,24.9718,44.6843,24.6413,25.1121,24.3587
579,25.0541,45.7194,24.6895,25.9334,24.9756
580,25.1371,45.5555,25.2273,25.3231,25.2577
581,25.2206,45.4103,25.7375,25.4152,25.2908
582,25.3047,45.8962,24.8476,25.2782,24.5672
583,25.3893,46.589,25.417,26.0011,25.0331
584,25.4742,45.9779,25.6672,26.0224,25.4486
585,25.5594,46.1213,25.8713,25.2466,25.774
586,25.6449,45.9941,25.7243,24.9853,24.7664
587,25.7305,45.978,25.5653,25.629,25.6656
588,25.8161,46.6867,25.4437,25.4161,25.8733
589,25.9017,46.2171,25.9405,25.8699,26.2416
590,25.9872,46.6623,25.5047,26.6059,26.2644
591,26.0725,46.5903,24.7579,25.8439,26.3055
592,26.1576,47.0452,26.354,26.1362,25.8376
593,26.2423,47.114,26.649,26.2713,25.4791
594,26.3265,47.4796,25.2632,26.7507,26.1693
595,26.4103,47.0568,25.9559,25.2868,26.8109
596,26.4934,47.259,26.772,26.1901,27.0508
597,26.5759,47.1283,27.5018,26.6815,26.8601
598,26.6576,47.4321,26.667,27.2577,26.8294
599,26.7385,47.8356,26.4109,26.4926,26.8904
600,26.8185,48.0835,26.7362,25.8803,26.5961
601,26.8976,47.6098,27.5163,27.2074,26.8456
602,26.9756,48.3499,26.6849,26.6579,27.6432
603,27.0524,48.6319,26.6928,26.4576,26.6754
604,27.1281,48.4128,26.9109,26.8159,27.774
605,27.2025,49.0344,26.7735,27.1102,27.0737
606,27.2756,48.2148,27.3308,26.9732,27.8058
607,27.3473,48.1566,28.0784,26.2445,26.7845
608,27.4175,48.075,27.5629,27.866,27.6519
609,27.4862,49.3248,27.3727,28.1237,27.1915
610,27.5534,49.1324,27.4221,27.8791,26.9873
611,27.6189,48.9844,26.9154,27.05,27.7063
612,27.6827,49.2007,28.0801,27.582,28.0865
613,27.7448,48.8059,27.7098,27.7415,27.4068
614,27.8051,50.1511,27.7239,28.1045,27.2055
615,27.8635,49.4338,29.3004,28.1977,27.8268
616,27.9201,49.5184,28.0546,27.553,27.8852
617,27.9748,49.8238,27.6365,28.0158,28.1941
618,28.0275,49.8258,27.8356,28.2561,28.4073
619,28.0782,49.8216,28.595,28.8061,28.0544
620,28.1269,49.5502,28.1778,28.4791,28.8691
621,28.1735,50.0735,27.5263,28.568,28.2632
622,28.218,50.6467,28.6317,28.2599,28.0794
623,28.2604,50.5363,27.9598,28.9657,27.6158
624,28.3007,50.6983,29.1437,28.5056,28.1956
625,28.3388,50.0349,28.8249,27.9083,28.2043
626,28.3748,49.9384,28.1735,29.0765,28.7589
627,28.4086,50.3095,28.985,28.7575,28.5936
628,28.4402,50.4397,28.4707,28.2186,27.9684
629,28.4695,50.8675,28.8533,28.2298,28.5384
630,28.4967,49.9544,28.7149,28.645,28.7654
631,28.5217,51.1421,28.1409,28.7533,29.1329
632,28.5445,50.6092,28.2549,28.6432,28.8995
633,28.5651,50.5707,29.0286,28.7208,28.8695
634,28.5836,50.4193,28.4329,29.4335,28.6076
635,28.5998,50.2456,28.4182,29.1356,28.7551
636,28.6139,51.162,28.1841,28.7092,29.1137
637,28.6259,50.9466,28.8165,29.0965,28.0928
638,28.6358,50.5143,29.5639,28.1195,28.496
639,28.6435,50.5552,28.1631,28.8425,28.3345
640,28.6492,50.9317,28.6601,29.5539,28.8009
641,28.6529,51.6721,29.2884,28.5439,29.145
642,28.6546,51.0337,28.6187,28.2308,28.4158
643,28.6543,50.6332,28.8578,28.3282,27.6982
644,28.6521,51.1061,28.174,28.1072,28.4872
645,28.648,51.1275,28.8407,28.2556,29.0133
646,28.642,50.3081,28.5578,28.4568,28.8571
647,28.6343,51.2603,29.0779,27.9315,28.8055
648,28.6248,51.224,29.1591,28.6326,28.5128
649,28.6136,51.5723,29.7789,29.0647,28.102
650,28.6008,51.9979,28.8616,28.1469,28.8069
651,28.5863,51.7656,28.733,29.346,28.2526
652,28.5704,51.2963,28.6579,28.8258,29.444
653,28.553,51.0207,28.394,29.0682,28.7812
654,28.5341,52.3248,28.6864,28.2052,28.3019
655,28.5139,51.4596,28.381,28.9412,28.2694
656,28.4924,51.4573,28.5682,27.9465,28.4552
657,28.4697,51.4563,29.0626,28.9148,28.3739
658,28.4458,51.5452,27.9929,28.5318,28.8926
659,28.4209,51.4354,28.9338,28.6975,28.4955
660,28.3949,51.2941,28.9876,27.8071,28.1023
661,28.368,51.3116,28.3149,27.9205,29.1242
662,28.3402,51.4987,27.3854,28.6388,28.3599
663,28.3116,51.3264,28.0381,27.8374,28.6191
664,28.2822,51.2728,28.8659,28.5139,28.039
665,28.2523,51.5645,28.242,27.5687,28.3975
666,28.2217,51.4424,27.772,28.6458,28.3461
667,28.1906,52.062,27.9634,27.5743,27.4347
668,28.1591,50.6112,28.5373,28.4352,28.9652
669,28.1272,51.9242,28.3732,28.44,28.6434
670,28.095,51.9811,27.9875,27.7466,27.9361
671,28.0626,50.8219,27.8975,28.3536,27.6217
672,28.0301,51.4301,27.8538,28.1603,28.1691
673,27.9975,51.4225,27.5824,27.7281,28.0322
674,27.9649,51.0623,28.6918,27.4606,28.1072
675,27.9324,51.2852,27.7874,26.9511,28.0091
676,27.9001,51.1714,28.4478,28.0749,28.1026
677,27.868,52.1763,28.5526,27.0856,28.4469
678,27.8362,51.8937,28.2854,27.8838,28.0634
679,27.8047,52.0148,27.6105,27.673,27.3849
680,27.7737,51.8263,27.9554,28.1133,28.3187
681,27.7432,51.183,27.7323,27.5922,28.3995
682,27.7133,51.3997,27.3066,27.5485,28.9741
683,27.684,51.7602,27.8299,28.0499,27.2346
684,27.6553,51.1676,27.1248,27.8229,27.7525
685,27.6275,51.852,28.1619,27.7855,26.7946
686,27.6004,51.5263,27.3913,27.8351,27.8217
687,27.5742,51.488,27.6648,26.8064,27.355
688,27.549,51.8778,27.6765,27.9274,28.3184
689,27.5247,51.7952,27.4082,27.8309,27.2148
690,27.5014,51.5251,27.7654,26.9931,26.8258
691,27.4792,52.07,27.2655,27.3572,27.2907
692,27.4582,51.2998,27.8503,27.4385,26.668
693,27.4383,51.9089,26.8326,27.371,27.7387
694,27.4196,51.9172,27.4765,27.5865,26.5936
695,27.4021,51.6188,28.2747,28.1178,27.4135
696,27.386,51.8601,26.9358,27.9269,26.5549
697,27.3711,51.3282,27.0661,26.715,27.243
698,27.3576,52.111,27.5889,27.6686,28.015
699,27.3455,51.7457,27.4263,28.0099,27.4897
700,27.3347,51.6518,27.4925,98.9046,26.9893
701,27.3254,52.2275,27.5455,98.957,27.3129
702,27.3175,51.641,27.6031,98.9793,27.3247
703,27.311,51.4231,27.8104,99.0944,27.5001
704,27.3061,51.4012,27.4905,99.0278,26.7593
705,27.3026,52.1897,27.194,98.9332,27.5396
706,27.3005,51.5624,27.6032,99.0243,26.2188
707,27.3,52.6592,28.155,98.9226,27.0481
708,27.301,51.3523,27.2413,99.0541,27.1057
709,27.3034,52.7122,26.8649,98.9764,27.5567
710,27.3073,52.2312,27.8055,98.9953,27.3164
711,27.3127,52.1639,27.2586,99.0663,26.7505
712,27.3196,52.0489,26.3419,98.9356,26.9256
713,27.3279,52.4226,27.7092,98.9301,27.4074
714,27.3376,52.3144,27.0967,98.9708,27.306
715,27.3488,52.7599,27.308,99.0519,27.1171
716,27.3613,52.4613,27.5107,98.924,27.169
717,27.3752,52.5228,27.4609,98.8584,27.6537
718,27.3904,52.3932,27.7097,98.9774,27.1833
719,27.407,52.552,27.211,99.0276,27.3717
720,27.4248,52.7325,27.6557,99.06,28.2927
721,27.4438,52.0802,27.327,98.9768,26.8743
722,27.464,52.2622,27.7965,98.9794,26.7233
723,27.4854,53.0506,27.7623,99.0577,27.7989
724,27.5079,52.9077,27.087,98.9065,27.2365
725,27.5315,52.8421,28.0202,98.9806,27.4042
726,27.556,52.9725,27.3148,99.0095,27.2436
727,27.5816,53.1482,27.9452,99.0225,27.4776
728,27.608,52.8991,27.7733,98.9745,28.2474
729,27.6353,52.8779,28.4625,99.0017,27.9561
730,27.6634,53.2819,27.5628,98.8756,28.0083
731,27.6922,52.9348,27.535,98.9671,27.1257
732,27.7217,53.4846,27.713,99.0227,27.2612
733,27.7518,52.8109,27.6154,98.9509,26.6162
734,27.7825,53.8327,28.1424,99.0029,27.4587
735,27.8136,53.704,27.0863,99.0223,28.1963
736,27.8452,53.6948,27.371,98.9829,28.0519
737,27.8771,54.016,27.3965,99.0085,27.7885
738,27.9092,54.3222,28.3369,98.9519,27.9003
739,27.9416,54.1617,28.7114,98.9897,27.6661
740,27.9741,53.2298,27.9271,99.0305,28.0561
741,28.0067,53.4939,27.9308,99.0078,28.3131
742,28.0393,53.7906,28.0708,98.9707,27.393
743,28.0718,54.0859,28.5946,99.0112,28.1917
744,28.1041,54.3253,27.6868,99.0357,28.4771
745,28.1362,53.9572,28.2435,98.8975,27.9702
746,28.168,54.3434,28.6069,99.058,28.4483
747,28.1994,54.0801,28.4249,98.9832,29.3253
748,28.2304,54.1964,28.3157,99.0213,28.1887
749,28.2608,53.9835,28.7113,99.0599,28.4181
750,28.2906,54.2175,27.0742,98.9314,27.9954
751,28.3198,54.1317,28.6248,98.9645,28.3923
752,28.3482,54.3266,28.0538,98.9856,28.5323
753,28.3757,55.0995,27.5519,98.9608,28.4536
754,28.4024,54.4601,28.6324,99.0867,27.9945
755,28.4281,55.7744,29.0462,98.9572,28.5106
756,28.4527,55.0854,28.3909,98.9722,29.0376
757,28.4763,55.036,28.9051,99.0102,28.6557
758,28.4986,54.7282,29.2242,98.9399,28.8834
759,28.5198,55.3299,29.1115,98.9802,28.425
760,28.5396,54.9381,29.2776,99.0159,28.8396
761,28.558,55.2357,28.892,98.9834,28.6697
762,28.5751,56.1411,28.609,98.9953,28.1947
763,28.5906,55.262,27.8697,98.9735,28.718
764,28.6046,55.7468,28.4938,98.9243,28.2079
765,28.6169,55.1458,28.2375,99.0161,28.3638
766,28.6276,55.4254,29.6046,99.0877,28.7034
767,28.6366,56.1014,28.5575,99.0009,28.7555
768,28.6439,55.3044,28.6993,99.0113,28.1682
769,28.6493,56.1987,28.8975,99.0346,29.0709
770,28.6529,55.8506,28.6725,98.9365,28.8817
771,28.6546,55.4427,29.4173,99.0851,28.3727
772,28.6543,55.8956,28.3741,99.0101,28.0393
773,28.6521,56.0475,28.7396,99.0816,28.5941
774,28.6478,55.9554,28.3137,98.9633,28.4694
775,28.6415,55.2169,28.0475,99.0909,28.6868
776,28.6332,55.5387,28.3579,99.0388,28.4879
777,28.6227,55.7311,28.6061,99.0277,27.8197
778,28.6101,55.8141,28.417,99.0117,28.4548
779,28.5954,56.0777,28.2838,98.9876,28.4732
780,28.5786,55.9408,27.9457,99.06,28.832
781,28.5595,55.4271,28.5221,99.007,28.2802
782,28.5383,56.0414,27.8612,98.9016,29.2098
783,28.5149,56.1336,28.8569,98.9441,27.7502
784,28.4893,56.1252,28.5264,98.9907,29.0137
785,28.4614,56.3147,27.8055,99.0155,28.3717
786,28.4314,56.2333,28.2923,98.9972,28.7753
787,28.3992,56.1049,28.0608,99.0609,28.4311
788,28.3648,55.9203,28.5085,98.9024,28.8206
789,28.3283,55.3619,28.9315,99.0072,28.1733
790,28.2895,56.0899,27.4457,98.9091,27.8501
791,28.2486,56.0063,28.3004,99.038,28.8168
792,28.2056,56.0207,28.1336,98.9953,28.1602
793,28.1605,55.4686,28.4626,99.021,28.2491
794,28.1133,55.5249,28.2092,98.9568,28.6072
795,28.064,56.2576,27.7257,99.064,27.6513
796,28.0128,55.8589,27.8692,99.0521,28.251
797,27.9595,56.093,27.6013,99.0292,27.7235
798,27.9043,55.8442,28.3885,98.9935,27.8514
799,27.8472,55.8226,27.8568,99.029,27.8761
800,27.7882,56.1166,28.6437,98.9647,27.1881
801,27.7274,55.5818,27.7001,99.0428,27.4158
802,27.6648,55.7684,27.346,99.0825,28.2052
803,27.6005,55.5437,26.9193,99.0535,27.955
804,27.5345,55.5224,26.7231,98.9635,27.5095
805,27.4669,55.5337,26.7541,99.0181,27.5642
806,27.3978,55.6855,27.518,98.9353,27.2801
807,27.3271,55.4045,27.556,99.0286,27.8697
808,27.255,55.9745,26.5435,99.0225,27.1749
809,27.1816,55.1834,27.5843,98.9065,27.2743
810,27.1068,55.3914,26.8894,98.9419,27.5652
811,27.0308,55.2619,27.0968,98.9858,26.7198
812,26.9536,55.88,27.6791,98.985,27.5771
813,26.8753,55.3991,27.2789,98.9395,26.2631
814,26.796,55.6471,26.6751,99.0194,27.4478
815,26.7157,54.7208,26.3147,99.0126,26.5666
816,26.6346,55.288,25.6662,98.9903,26.5375
817,26.5526,55.459,26.229,98.9622,25.7966
818,26.4699,55.1287,26.3749,99.0524,26.288
819,26.3866,55.4245,25.9424,99.0828,25.9707
820,26.3027,54.8216,26.2436,98.9758,26.0596
821,26.2183,55.4466,26.2529,98.9694,26.1634
822,26.1335,55.7081,26.0323,99.0246,26.5166
823,26.0484,54.7264,25.7559,98.9821,26.1314
824,25.963,54.6471,26.0389,98.993,26.0861
825,25.8775,55.2611,26.0763,99.037,25.4393
826,25.7918,55.2547,25.3012,98.9045,25.4395
827,25.7062,54.4682,26.3411,99.0659,26.4257
828,25.6207,54.4536,25.5763,99.0036,25.3266
829,25.5353,54.4516,25.5437,98.9794,26.1977
830,25.4501,54.0296,25.7688,98.9955,25.3529
831,25.3653,54.1287,25.4702,98.9981,25.3662
832,25.2808,54.0494,25.7098,98.9134,25.709
833,25.1969,54.0832,25.3261,99.0747,25.7056
834,25.1135,54.2913,24.8379,99.0021,25.0692
835,25.0307,54.3377,25.1934,99.0222,24.8754
836,24.9487,54.7513,24.434,99.0476,24.9263
837,24.8674,53.8129,24.9162,98.9489,25.0026
838,24.7869,54.4615,24.772,99.0237,25.1435
839,24.7075,53.9976,24.6138,98.9866,24.7091
840,24.6289,54.0116,24.5711,99.0423,24.8765
841,24.5515,54.2227,23.7047,98.8936,25.2069
842,24.4752,53.5523,24.2283,98.995,24.6277
843,24.4001,54.0389,24.4419,98.9699,24.5248
844,24.3263,53.9245,24.3982,99.0216,23.7187
845,24.2537,54.0011,23.7913,99.0235,23.2014
846,24.1826,53.8938,24.7522,98.9646,24.3379
847,24.1129,54.6172,23.7231,98.9644,24.0749
848,24.0447,53.5014,24.4809,98.9945,23.8387
849,23.978,53.5071,24.1702,98.9552,24.0754
850,23.9129,53.4448,23.6221,99.0421,23.8887
851,23.8494,53.44,24.6483,98.9815,24.3005
852,23.7877,53.3846,23.2505,98.8547,23.8221
853,23.7276,53.9988,24.1412,98.9813,23.4289
854,23.6693,54.0565,24.1196,98.9481,24.0654
855,23.6128,53.3381,23.3111,98.9184,23.526
856,23.5582,53.2269,24.1848,98.9381,23.7688
857,23.5054,53.6654,23.3929,99.0055,23.3144
858,23.4545,53.2912,23.5844,99.0664,23.1946
859,23.4055,53.692,23.5226,99.0157,23.4392
860,23.3584,53.5295,23.298,98.9697,23.3636
861,23.3133,52.9178,23.6782,99.0228,23.5053
862,23.2702,53.9818,23.6273,98.977,23.1627
863,23.229,54.0626,22.4422,98.9653,22.4945
864,23.1899,53.2154,23.7768,98.9423,23.0168
865,23.1527,53.292,22.4046,98.9124,23.4702
866,23.1175,53.5276,23.5822,98.9805,22.9986
867,23.0843,53.5464,23.5913,99.0079,22.9858
868,23.0531,53.6636,22.5622,98.9952,23.4477
869,23.0239,54.1425,22.8391,98.9792,22.7392
870,22.9967,53.3848,22.4992,98.9527,22.3796
871,22.9715,53.1771,22.8748,99.0304,22.9072
872,22.9482,52.9854,22.8096,98.9341,22.7545
873,22.9268,53.226,23.2777,99.0388,22.5403
874,22.9074,53.4858,23.497,98.9499,22.8372
875,22.8898,54.1429,23.5179,98.9624,23.0864
876,22.8741,53.3529,22.6211,98.9267,22.8704
877,22.8602,53.6336,22.7661,98.9749,22.983
878,22.8482,53.5724,22.0906,99.0488,23.5735
879,22.8378,54.0188,22.4752,99.0258,22.7007
880,22.8293,54.5137,23.2634,99.0489,22.9406
881,22.8224,53.4716,23.5494,99.0261,22.6187
882,22.8171,53.5158,22.2617,98.9448,22.4786
883,22.8135,54.0839,22.5469,98.9835,22.5795
884,22.8114,53.99,22.7995,98.961,22.6199
885,22.8108,54.4321,22.9368,99.0665,22.9546
886,22.8116,54.026,22.4473,98.9402,23.7513
887,22.8139,53.7331,23.0047,99.0447,22.5274
888,22.8175,54.1042,22.6042,99.0446,22.6508
889,22.8223,54.3254,22.8158,99.0915,22.7971
890,22.8284,54.2656,23.0742,98.9795,22.9867
891,22.8357,54.1982,22.8385,99.0356,22.9411
892,22.844,54.4373,22.6476,99.1141,23.3576
893,22.8534,54.5176,22.8041,98.9691,21.8828
894,22.8637,54.6375,22.824,98.9232,21.909
895,22.875,54.427,22.7085,98.906,22.6766
896,22.8871,54.1886,22.7706,99.0356,23.326
897,22.8999,54.3463,23.6193,98.9058,22.2737
898,22.9135,54.7658,23.1659,98.9814,21.7104
899,22.9276,54.1067,22.7947,99.0219,23.1561
900,22.9424,54.5714,23.256,99.0093,23.0398
901,22.9576,54.3549,22.8074,99.0213,22.5215
902,22.9732,54.5532,23.5011,99.0111,22.579
903,22.9891,55.0416,23.1555,99.0639,22.6012
904,23.0053,54.7122,22.9571,98.9524,23.0496
905,23.0217,54.713,23.2232,98.9662,22.7712
906,23.0383,54.2723,22.3314,98.9614,23.2359
907,23.0548,55.061,22.5478,99.0415,21.913
908,23.0714,55.0773,22.5341,99.045,22.7286
909,23.0878,55.6599,23.1521,99.0226,22.6374
910,23.1041,54.8463,23.8837,99.0592,23.0015
911,23.1201,55.0818,24.1242,98.9411,22.9049
912,23.1358,55.1431,23.4229,99.0834,23.4549
913,23.1511,55.6582,23.3765,99.0762,22.4074
914,23.166,55.1227,22.3555,99.0368,23.1842
915,23.1804,55.303,22.9362,99.0891,23.4037
916,23.1942,55.4669,22.8397,98.9172,23.9368
917,23.2073,55.3676,22.9279,98.9738,23.0146
918,23.2198,55.1935,23.1441,98.9632,23.3495
919,23.2314,55.4644,23.019,99.0361,22.5099
920,23.2423,55.818,22.3516,98.9475,22.2855
921,23.2522,55.1279,23.5888,99.0379,23.5901
922,23.2612,55.5778,22.7785,99.0685,23.259
923,23.2692,55.3292,23.3769,99.0348,23.7407
924,23.2762,56.0345,24.2096,99.0142,22.7269
925,23.2821,55.124,22.8684,98.9506,23.4901
926,23.2868,55.5012,22.1482,98.9577,24.0344
927,23.2904,55.8674,23.1617,99.0625,23.4583
928,23.2927,56.3206,23.7881,99.039,23.4033
929,23.2937,55.7857,24.175,98.998,23.2971
930,23.2935,55.6491,22.7402,98.9791,22.6651
931,23.2918,56.5352,23.5154,98.8987,23.8341
932,23.2888,55.402,23.0795,98.9465,23.0445
933,23.2844,55.1699,23.2368,99.0956,23.4862
934,23.2786,56.1226,24.4686,98.936,22.6534
935,23.2713,55.8206,22.595,99.0095,22.7995
936,23.2625,55.6651,23.3767,99.0504,23.8366
937,23.2523,56.2952,23.4627,98.9373,23.1134
938,23.2405,56.1558,23.7291,99.0092,23.8218
939,23.2272,55.8948,23.2713,99.0469,23.1959
940,23.2123,55.6642,23.351,99.0006,22.4756
941,23.196,56.4363,23.0197,99.1434,23.5528
942,23.178,56.3756,23.2991,98.9166,22.9421
943,23.1585,56.1288,23.0041,99.0529,23.438
944,23.1375,56.8238,23.4172,98.9914,23.1476
945,23.115,55.8154,22.9486,99.0386,22.4977
946,23.0909,55.6669,23.2606,99.0221,23.1566
947,23.0653,55.9681,23.0521,98.9633,23.9438
948,23.0382,56.2022,23.5449,99.0114,23.2353
949,23.0096,56.3097,22.9864,98.9071,22.9865
950,22.9795,56.1451,22.1816,99.0302,23.4096
951,22.948,56.3562,23.5158,99.0149,23.0322
952,22.9151,55.797,22.5075,99.0319,22.9989
953,22.8807,56.7411,22.5865,99.0529,22.4441
954,22.8451,56.2063,22.577,99.0184,22.9386
955,22.8081,56.6241,23.4266,99.0074,23.2223
956,22.7698,56.3498,21.8088,98.9559,22.4354
957,22.7303,56.3852,24.1423,98.9644,23.3001
958,22.6896,56.419,23.1648,99.0593,22.6529
959,22.6477,56.3694,22.7482,99.0718,22.2926
960,22.6047,56.4297,22.58,98.9881,23.0038
961,22.5607,56.6609,22.6892,99.0023,22.446
962,22.5157,56.2544,22.7502,98.9548,22.8195
963,22.4697,56.4228,22.76,99.0586,22.353
964,22.4228,56.1314,22.6728,99.0333,22.3988
965,22.375,56.6541,22.4154,99.0971,22.5725
966,22.3265,55.8998,22.2377,98.9561,22.4429
967,22.2773,56.7527,22.2093,98.9811,21.4791
968,22.2275,56.0934,22.1398,99.0116,21.779
969,22.177,55.5912,22.6872,99.0323,22.5488
970,22.126,56.1209,22.3932,98.9892,22.0732
971,22.0746,55.8213,20.7515,98.9564,21.8651
972,22.0228,56.3371,22.318,99.0441,21.4794
973,21.9708,55.7973,22.0584,99.0361,21.5389
974,21.9184,55.8523,21.91,98.9542,21.1097
975,21.8659,55.3296,21.6911,99.0678,21.8254
976,21.8134,55.8151,22.3192,99.0585,21.574
977,21.7608,55.1074,22.1872,99.0067,21.3741
978,21.7083,55.3839,21.3605,99.004,21.681
979,21.6559,56.187,21.8391,99.0277,21.8015
980,21.6037,56.1788,21.1665,98.9569,22.441
981,21.5519,56.0358,20.931,99.0015,20.9471
982,21.5004,55.5319,21.2183,98.8924,21.9641
983,21.4493,55.8376,21.8374,99.0438,21.8386
984,21.3988,55.8376,21.8277,98.9219,21.0872
985,21.3489,55.4185,21.5798,99.0752,21.4302
986,21.2997,56.3359,21.626,98.9835,21.1166
987,21.2512,56.1033,21.4835,98.9894,21.3255
988,21.2036,55.7062,20.9149,98.9686,21.8072
989,21.1568,55.7812,21.3512,98.9856,21.3991
990,21.1111,55.834,21.4713,99.0709,21.3145
991,21.0664,55.0368,21.4058,98.8756,20.8943
992,21.0228,55.6563,21.5578,99.0638,20.4292
993,20.9804,55.4967,21.2992,99.0169,20.897
994,20.9393,55.3788,21.0975,98.9396,21.422
995,20.8996,55.6262,21.3811,98.9462,20.2887
996,20.8612,56.3504,20.8493,99.0838,20.4392
997,20.8243,55.9436,20.4274,98.9527,20.8748
998,20.7889,55.519,20.7155,98.9423,20.3951
999,20.7551,55.9205,20.4199,99.0569,20.4381
